SENTENCETEXT	LABEL
"""अब गाह्रो छैन प्रदूषण नाप्न भारतीय पूर्व प्रधानमन्त्रीलाई उपप्रधानमन्त्री निधीले किन भेटे"""	1
"""लाठी लिएका हजारौँ संख्यामा रहेका थारुहरुले र्याली प्रर्दशन गरी राजापुर बजारको दक्षिण चौकमा कोणसभा गरेका थिए"""	-1
"""आफूहरुले आफनो स्वाभिमानको लडाइ लडेको उनको भनाई थियो"""	1
"""प्रदर्शनकारीले प्रहरी दमन बन्द गर, कैलाली कञ्चनपुर छाड्दैनौँ , प्रतिगमनकारी होसियार जस्ता नारा लगाएका थिए"""	-1
"""भारतको अघोषित नाकाबन्दीका कारण पेट्रोलियम पदार्थको अभाव भएपछि सर्वसाधारणले जोखिमपूर्ण यात्रा गर्नुपर्ने बाध्यता बढेको छ"""	-1
"""पेट्रोलियम पदार्थ पाउन छाडेपछि सिन्धुपाल्चोक जिल्लाको बाह्रविसे, चौतारा, मेलम्चीका सर्वसाधारणले निकै कष्ट भोग्नु परेका छन्"""	-1
"""बसभित्र खोँचाखोँच यात्रु हुन्छन् कतिपय त निस्सासिएर बेहोससमेत हुने गर्छन्"""	-1
"""विद्यालय टाढा भएकाले बसले समेत विद्यार्थीलाई रोक्दैन, हिँडेर जाँदा विद्यालय समयमा पुग्न नसकिने विद्यार्थीले गुनासो पोखे"""	-1
"""प्रमुख सत्तारुढ दल नेपाली काँग्रेसको नेतृत्वमा राष्ट्रिय सहमतिको सरकार गठन हुनुपर्ने सो पार्टीका अधिकांश नेताहरुको अभिमत रहेको छ"""	1
"""यद्यपि काँग्रेस नेतृत्वमा सहमतिको सरकार गठन गर्ने विषयमा केन्द्रीय समिति एकमत भए पनि नेतृत्व कसले गर्ने भन्नेबारे टुङ्गोमा पुगेको छैन"""	0
"""राष्ट्रपति डा रामवरण यादवले एक साताभित्र सहमतिको सरकार गठनका लागि दिनुभएको समयावधि आज समाप्त हुँदैछ"""	0
"""भोलि बस्ने व्यवस्थापिका– संसद्को बैठकमा सहमति नभए बहुमतीय आधारमा सरकार गठन गर्ने प्रक्रिया सुरु हुनेछ"""	0
"""तपाईंको रुचि अनुसारको विधा रोज्नुहोस्"""	1
"""स्पष्टीकरण चित्तबुझ्दो नभए उनीहरुमाथि थप कारवाही गर्ने मन्त्रालयको तयारी रहेको जानकारी दिए"""	-1
"""देशको समसामयिक राजनीतिक प्रसंगमा उनले प्रमुख प्रतिपक्षी दल नेकपा एमालेले संघीयता विरोधी आन्दोलन गरिरहेको आरोप लगाए"""	-1
"""उनले एमाले र मधेशवादी दलहरु मिलेर संविधान संशोधनको साझा प्रस्ताव ल्याए सरकारलाई मान्य हुने बताए"""	1
"""तर सो प्रस्तावमाथि एमालेले बखेडा गरेकोले सो कार्य बन्द गर्न उनले आग्रह गरे"""	1
"""संघर्ष समितिले आइतबार पनि जिल्ला बन्दको घोषणा गरेको छ"""	-1
"""सोमबार जिल्लामा विशाल प्रदर्शन हुने कार्यक्रम तय भएको छ"""	-1
"""उक्त सभामा बीस हजार भन्दा बढीको जनसहभागिता गराउने गरी तयारीमा लागेको संघर्ष समितिले जनाएको छ"""	-1
"""पुरुषतर्फ नेपाल प्रहरी र एपिएफ आमनेसामने हुनेछन्"""	0
"""बिहीबार महिलातर्फको दोश्रो सेमीफाइनलमा न्यू डायमण्ड एकेडेमी र पश्चिमाञ्चल तथा पुरुषतर्फ आर्मी र पश्चिमाञ्चलबीच प्रतिष्पर्धा हुनेछ"""	0
"""फुटसल खेल मर्यादित, व्यवस्थित र विकासका लागि भन्दै कास्की जिल्ला फुटसल संघ गठन गरिएको छ"""	1
"""प्रतियोगिता फागुन १३ सम्म हुने आयोजकले जनाएको छ"""	0
"""सहभागिताका लागि प्रत्येक टिमले पाँच हजार रुपैयाँ सहभागिता शुल्क तिर्नुपर्नेछ"""	0
"""१० वटा टिम सहभागी प्रतियोगितामा उपबिजेता बनेको म्याग्दीको टोलीले ट्रफी र प्रमाणपत्र प्राप्त गरेको छ"""	1
"""राष्ट्रिय खेलकुद परिषद्की सदस्य यामकुमारी गुरुङले पुरस्कार वितरण गर्नुभएको थियो"""	1
"""गोल गरेपछि उनको खुसी मनाउने तरिका प्रायः उस्तै हुन्छ"""	1
"""तर, आइतबार बिहान सेल्टा भिगोविरूद्ध पहिलो गोल गरेपछि मेसी अर्को रुपमा देखिए"""	1
"""मेसीले २४ मिनेटमा सेल्टाको डिफेन्स तोड्दै पहिलो गोल गरेका थिए"""	1
"""उनको त्यो गोल विश्वस्तरिय थियो"""	1
"""उनले मैदानको मध्य भागबाट बललाई ‘ड्रिबल’ गर्दै सेल्टाको डिबक्स नजिकबाट देब्रे खुट्टाले गोल गरेका थिए"""	1
"""यसपछि खुसी मनाएका मेसीले रंगशालाको भिआइपी लाउन्जतर्फ औला देखाएर फोनको संकेत गरे"""	1
"""अझ, उनले गोलका लागि दुई वटा मौका पनि जुर्याइदिएका थिए"""	1
"""भुईंचालोका कारण परिवारका सदस्य गुमाएका नेपाली कामदारलाई स्वदेश फर्कन सरकारले निःशुल्क हवाई टिकटको व्यवस्था गरेको छ"""	1
"""बाख्राको पाठो जस्तो शिशु जन्मिएपछि हेर्ने मान्छे पनि ठूलो भिड लागेको थियो"""	1
"""बाख्राको पाठो मान्छेले जन्माएपछि सामाजिक सञ्जालमा पनि त्यो फोटो भाइरल भएको थियो"""	0
"""उहाँलाई विमानबाट एम्बुलेन्समा सार्न ४० मिनेट लागेको थियो"""	-1
"""राष्ट्रिय मानव अधिकार आयोग तथा कानुन व्यवसायीको हैसियतमा कार्यरत छन्"""	0
"""प्रस्तुत छ जनपुकार डट कमको लागि किरण अधिकारीले गरेको कुराकानी"""	0
"""तर पनि कुनै त्यस्ता व्यक्ति चर्चामा आयो भनेर भनेको पनि हुन सक्छ"""	1
"""तालिम लिएर आफु भन्दा सिनियर कलाकारसँग बुझेर अनि सिकेर मात्र आउनुस भन्छु"""	1
"""अहिलेसम्म कुल आठ लाख रुपैयाँ संकलन भएको र अझै सात लाख रकम जोहो गर्न बाँकी रहेको अभियानले जनाएको छ"""	0
"""सो अवसरमा पुस्तकालयले कविता प्रतियोगितासमेत आयोजना गरेको थियो"""	1
"""कार्यक्रमको अध्यक्षता भैरव स्मति पुस्तकालयका अध्यक्ष बद्रीप्रसाद अर्यालले गरेका थिए"""	0
"""पुस्तकालयको आजीवन सदस्य बन्न १ हजार रुपैयाँ तिरेर जो कोही पनि बन्न सकिने प्रावधान रहेको छ"""	0
"""हालसम्म आजीवन सदस्यको संख्या ७३ पुगेको अर्यालले जानकारी दिए"""	0
"""समयमै बजेटको अख्तियारी पठाउनुका साथै खरीद ऐन परिमार्जन गरेर प्रक्रिया सहज बनाइयो"""	1
"""तर, उनीहरू प्राथमिक स्वास्थ्य केन्द्र वा जिल्ला अस्पतालहरूमा काम गर्न नजाँदा बिरामीले डाक्टरको सेवा नपाउने अवस्था छ"""	-1
"""तोकिएको ठाउँमा कार्यालय समयमा खट्ने गरी जनशक्ति परिचालनका लागि अतिरिक्त प्रोत्साहन भत्ताको नीति लागू गरिएको छ"""	1
"""अतिरिक्त समय काम गर्ने कर्मचारी, चिकित्सक, स्वास्थ्यकर्मी र नर्सले प्रोत्साहन भत्ता पाउनेछन्"""	1
"""मन्त्रालयले वार्षिक करीब ३५० विशेषज्ञ चिकित्सक उत्पादन गर्ने र उनीहरूमार्फत विशेषज्ञ स्वास्थ्य सेवा दिने तयारी शुरू गरेको छ"""	1
"""देशभरका प्राथमिक स्वास्थ्य केन्द्र र अस्पतालहरूमा मन्त्रालयले लोक सेवा उत्तीर्ण आठौं तहका मेडिकल अधिकृतलाई पदस्थापन गर्ने प्रक्रिया समेत अघि बढाएको छ"""	0
"""शहरी क्षेत्रमा स्वास्थ्य प्रवर्द्धनका कार्यक्रम सञ्चालनका लागि क्षमतावान स्वास्थ्य संरचना बनाउन मन्त्रालयले अर्बान हेल्थ प्रमोशन सेन्टर को अवधारणा ल्याएको छ"""	1
"""पाठेघरको मुख र स्तन क्यान्सरको निःशुल्क परीक्षणका लागि आउँदो ७ चैतमा नुवाकोटबाट कार्यक्रम शुरू गरेर त्यसलाई देशभर विस्तार गर्ने तयारी पनि छ"""	1
"""नसर्ने रोगबाट हुने मृत्यु बढिरहेका बेला यस्ता कार्यक्रम ल्याउँदा सरकारले स्वास्थ्यमा गरेको लगानीले प्रतिफल दिने वरिष्ठ मुटुरोग विशेषज्ञ कोइराला बताउँछन्"""	0
"""सुर्तीजन्य पदार्थ नियन्त्रणसम्बन्धी ऐनमा उल्लेख गरिएका विषय राजपत्रमा प्रकाशित गरी फागुन मसान्तसम्म कार्यान्वयन गर्न ६ माघको मन्त्रिपरिषद् बैठकले स्वीकृति दिएको छ"""	1
"""करारको जागीर खाने कन्सल्ट्यान्ट नपाइने हुनाले लोकसेवाबाट स्थायी जागीर खोल्नुपर्ने उनी बताउँछन्"""	0
"""उनका अनुसार, एमबीबीएस गरेको विद्यार्थीको एक वर्ष सिकाइको समय भएकाले उसलाई सिनियर डाक्टर मातहत काम गराउनुपर्छ, सीधै हेल्थपोष्टको जिम्मेवारी दिनु गलत हुन्छ"""	-1
"""स्वास्थ्य मन्त्रालयले जिल्ला अस्पतालको जनशक्ति अभाव पूर्ति गर्न अञ्चल अस्पतालहरूबाट विशेषज्ञ डाक्टर उत्पादन गर्ने तयारी थालेको छ"""	1
"""पाँच वर्षभित्र दुई हजार विशेषज्ञ चिकित्सक उत्पादन गर्न यो वर्षदेखि अञ्चल अस्पतालमा स्नातकोत्तर तहको पढाइ शुरू हुँदैछ"""	1
"""पछिल्लो दशकमा देखिएको नेताहरुको व्यवहार र कार्यशैलीले राजनीतिप्रति नै वितृष्णा बढिरहेका बेला फेरि आशाको दियो बाल्ने काम त्यही नाति पुस्ताले गर्दैछ"""	1
"""उनी अहिले उपप्रधान तथा गृहमन्त्रीका रूपमा सरकारमा कांग्रेस पार्टीको नेतृत्व गरिरहेका छन्"""	0
"""पैसा, शक्ति र महत्वाकांक्षा विकसित लोकतान्त्रिक मुलुकहरूमा अर्थमन्त्रालयको राजनीतिक नेतृत्वलाई प्रधानमन्त्री पछिको शक्तिशाली पद मानिन्छ"""	1
"""गठबन्धन सरकारमा त गृहमन्त्री को हुने भन्नेमा सत्ता साझेदार दलहरूबीच मारामार नै हुने गरेको छ"""	-1
"""२००७ सालदेखि नेपालको गृहमन्त्री हुने व्यक्तिमाथि मुख्यतः भारतको आँखा पर्ने गरेको छ"""	-1
"""विमलेन्द्र निधिसम्म आइपुग्दा पनि त्यही देखिन्छ"""	-1
"""गृहमन्त्री पदको उपयोग कति महत्वपूर्ण छ भन्ने कुरा प्रहरी प्रमुखको पछिल्लो नियुक्ति प्रकरणले देखाइसकेको छ"""	0
"""२०७२ फागुनको महाधिवेशनमा देउवालाई पार्टी सभापति बनाउन लागिपरेका निधि महाधिवेशनपछि उपसभापति हुनेमा आशावादी थिए"""	1
"""त्रिवि शिक्षण अस्पताल फरेन्सिक विभागमा पोस्टमोर्टेम गर्दा लक्ष्मीको शरीरभर छाला कोतरिएको, टाउको र घाँटीमा चोट र नीलडाम देखिएको थियो"""	-1
"""घरेलु हिंसा सम्बन्धी उजुरीमा मिलापत्र गरेर फर्केपछि साँझ् रामनारायणले मञ्जुदेवीको हत्या गरेको प्रहरीको निष्कर्ष छ"""	-1
"""ऐनको यही कमजोरीमा टेकेर जघन्य खालका घरेलु हिंसाका घटनामा पनि प्रहरीले मेलमिलाप गराउँदै आएको छ"""	-1
"""न्याय प्रक्रियाको ढिलासुस्ती, अदालत महिलामैत्री नहुने जस्ता कारणले गर्दा पनि पीडितहरू न्यायको पहुँचमा आउन सकेका छैनन्, जसको फाइदा पीडकलाई भइरहेको छ"""	-1
"""महिला अधिकारसँग सम्बन्धित २०० भन्दा बढी कानून हुँदाहुँदै मिलापत्रको व्यवस्थाले पीडितलाई न्यायबाट वञ्चित गराएको छ"""	-1
"""सर्वोच्च अदालतमा हुँदा मैले हेरेको उदयपुरको जबर्जस्तीकरणी सम्बन्धी एउटा मुद्दा त्यसरी नै फिर्ता गरियो"""	-1
"""आर्थिक संकट परेपछि काम अघि बढाउन नसकेको गौतम बुद्ध अन्तराष्ट्रिय विमानस्थल निर्माणको ठेकेदार कम्पनीले काममा चासो दिएको छ"""	-1
"""तर, उल्लेखित महिनामै ठेकेदार कम्पनी आर्थिक संकटमा परेपछि उसले कामदारलाई समयमै तलब दिन सकेको थिएन"""	-1
"""१० करोड पेश्की कटौती गर्ने निर्णय निर्माण कम्पनीले काम सम्पन्न गरेपछि आयोजनाबाट पैसा लिने गर्छ"""	1
"""यस्तो पेश्कीलाई प्रत्येक महिनाको बिल पेश गरेपछि रकम दिँदा कटौति गर्ने गरिएको शर्माको भनाइ छ"""	0
"""तर, एड्भान्स बापत काटिनु पर्ने रकम काटिएको छैन, जसका कारण ठेकेदार कम्पनीसँग केही रकम बच्न पुगेको छ"""	1
"""काममा ढिलाइ गरेपछि केही समयअघि आयोजनाले नर्थवेस्टसँग स्पष्टीकरणसमेत मागेको थियो"""	-1
"""निर्माणपूर्व सुरुका कामहरुमा वास्तविक मूल्यभन्दा कममै काम सक्ने गरी गरेको सम्झौताले अहिले कम्पनीलाई आर्थिक रुपमा कमजोर बनाएको छ"""	-1
"""नर्थ वेस्ट कम्पनीले सुरुमा सम्झौता गर्दा २०१७ डिसेम्बर ३१ मा काम सक्ने बताएको थियो"""	1
"""भूकम्प र नाकाबन्दीका कारण काममा केही बाधा पुगेपछि यसको निर्माण गर्ने म्याद अहिले २०१८ को जूनसम्म छ"""	-1
"""तर, कुल रकमको १५ प्रतिशत भने निर्माण सुरु गर्ने बेलामा नै एड्भान्सको रुपमा यसले प्राप्त गरेको थियो"""	0
"""चिरञ्जीवी पौडेल  प्रतिक्रिया एमालेले सप्तरीमा गरेको आमसभा र त्यसपछि उत्पन्न हिंसालाई लिएर देशमा, विशेषत सामाजिक सञ्जालमा दुईखाले प्रतिक्रियाहरुको दोहोरी चलिरहेको छ"""	-1
"""मधेसमा सबैभन्दा बढी कांग्रेसले ५० सीट जितेको थियो"""	0
"""चिरञ्जीवी पौडेल अहिलेसम्म आएका खबरहरु अनुसार प्रधानमन्त्री प्रचण्डले आन्दोलनमा गोली नचलाउन आदेश दिएका थिए"""	1
"""एमालेको गल्ती, मोर्चाको ब्ल्याकमेलिङ मधेसी मोर्चाको माग सम्वोधन गर्न भन्दै सरकारले संविधान संशोधन विधेयक अघि सारेको छ, जुन अहिले संसदमा विचाराधीन छ"""	0
"""स्पष्ट छ, निर्वाचन प्रक्रियामा गइसकेपछि त्यसको परिणामलाई सबैले स्वीकार्नुपर्छ"""	1
"""तर यिनै नराम्रा मध्यका बाट छान्ने हो भने “एमाले” लाई छान्दा हुन्छ"""	0
"""श्रेष्ठसँगको भेट उनकै सामाखुसी निवास वा बैंकमा हुने गरेको थियो"""	0
"""आफूले सम्हालेको मन्त्रालय मातहत जिल्ला विकास समिति र वन मन्त्रालयबाट आवश्यक प्रबन्ध मिलाउन पनि श्रेष्ठको पदीय प्रभावले काम गरेको थियो"""	0
"""पर्यावरण जोगाएर घरेलु उद्योगको हैसियतमा मात्र क्रसर सञ्चालन गर्न पाइने नियम सचिवको हैसियतमा श्रेष्ठकै पालमा बनेको थियो"""	0
"""रिपोर्टर्स क्लवमा बिहिबार पत्रकार सम्मेलन गरेर पूर्वाञ्चल विश्वविद्यालय सुधार समितिले विश्वविद्यालयलाई भागबन्डाको शिकार नबनाउन आग्रह गरेकोछ"""	1
"""कारबाही गर्न शिक्षा मन्त्रालय मार्फत अख्तियारमा उजुरी दर्ता गरेपनि सात महिनासम्म विश्वविद्यालयको अनियमितताको बिषयमा छानविन नगरेको समितिको दाबी छ"""	-1
"""भनेर के गर्नु त, आकाश खस्छ भनेर आत्तिएर कामै नगर्न भएन, भूकम्प आउँछ भनेर बाहिरै ननिस्कन भएन"""	1
"""न्यायपरिषद्‌ले महाभियोगको सिफारिस गरेदेखि सर्वोच्चमा न्याय सम्पादनको कामबाट वञ्चित रहेका बम आज बगलामुखीबाट फर्कँदै गरेको बेला गोली हानिएको थियो"""	-1
"""घटनास्थल वरपर अमर नेपाल संयोजक रहेको नेपालवाद एन जे एस एस आर पार्टी नामको पर्चा भेटिएको हिमालय टिभीले बताएको छ"""	0
"""बमको विवादास्पद फैसला डा भक्तमान श्रेष्ठको चर्चित अपहरण कान्डसँग पनि जोडिन्छ"""	-1
"""बमको चिउँडो, घाँटीको रुद्रघण्टी, छातीका ३ ठाउँ, छाती नजिकैका कोखा र हातका औलाहरूसमेत गोली लागेको थियो"""	-1
"""कसले, किन, के उद्देश्य पूरा गर्न त्यसरी लगाएको होला, त्यो भने प्रहरीको अनुसन्धानपछि पक्कै खुल्ने नै छ"""	-1
"""बडीको गार्ड गर्न सकेनन् बडिगार्डले समाचारहरुमा नकाब लगाएर मोटरसाइकल चढिआएका दुई जनाले न्यायाधीश बम चढेको गाडीलाई रोकेको भनिएको छ"""	-1
"""बेलायती युवराज्ञी डायनाको कार दुर्घटनामा मृत्यु हुँदा पनि उनका बडिगार्ड अगाडिको सिटमा नै थिए"""	-1
"""यस्तै बडिगार्ड अरुको पनि छ भने उनीहरुको सुरक्षामा अब अर्कै ढंगले सोच्नुपर्ने बेला आएको छ"""	1
"""एकनास शङ्ख बजेको आवाजले होटेलमा बसेका सबै मान्छे बाहिरिन्छन्, हामी पनि बाहिरिन्छौँ"""	-1
"""यहाँ कुनै समय हिउँको एकछत्र राज थियो"""	1
"""त्यहाँ लास हुनुअघि त्यसले दिएका कष्टका बारेमा कुरा चलिरहेको थियो"""	-1
"""त्यस ढिस्कोको फेदमा तीन जना देखापरे र तिनीहरू उभिएर गलफत्ती गरिरहेका थिए"""	0
"""त्यस ठाउँबाट मैले नराम्रा कुरा मात्र सिकेँ, असल कुरा सिकिनँ, त्यसले भन्यो"""	-1
"""डोकाले छोपेर फेरि पानी खन्याउने उमेर यसले पार गरिसकेको थियो"""	0
"""नेपाल सरकारले ईपीएस कार्यालय स्थापना गरेर सर्वसुलभ र छिटोछरितो कामदार पठाएपछि कोरिया सरकारले नेपाललाई तीनपटक सम्मानसमेत गरिसकेको छ"""	1
"""एउटै रोजगारदातासँग लगातार कार्यअवधिसम्म काम गर्ने विदेशी कामदारलाई कोरियाले पुनः रोजगारीको अवसर खुल्ला गरेको छ"""	1
"""सघंले व्यवसायीहरुलाई भड्काउने काम गर्ने हैन, उनले भने, यसले व्यवसायीहरुलाई गलत काम गर्न प्रश्रय दिन्छ"""	-1
"""संघका महासचिव रोहन गुरुङले विभागले लागू गर्न लागेको अनलाइन प्रणालीले यो क्षेत्रलाई व्यवस्थित बनाउने बताए"""	0
"""आयोगले खुला गरेको रोजगारी आवेदनमा विभिन्न पदमा ६ सय ५१ तेस्रो लिंगीले आवेदन दिएको आयोगले जनाएको छ"""	0
"""उनले यसले धार्मिक सद्भाव कायम गर्न अझै मद्दत गरेको विश्वास ब्यक्त गरे"""	1
"""डिंपी भन्दा पहिले पनि कयौ बलिउड अभिनेत्रीहरु विवाह पुर्व गर्भवतीति भएका थिए"""	-1
"""सो बाटो विस्तार नगर्न चावहिलका स्थानिय बासिन्दाले पुनरावेदन अदालतमा रिट हालेका थिए"""	0
"""चावहिल देखी चुच्चेपाटीको सडक हालसम्म तीन पटक बिस्तार भई सकेको र बौद्ध जोरपाटीको तुलनामा चावहिलको बाटो फराकिलो छ"""	1
"""एकै साथ घर भत्काउन मजदुरको अभाव र बर्षातको समयका कारण तिहार पछि पनि बिस्तारले तिव्रगतिमा अगाडी बढ्ने सम्भावना कम देखिन्छ"""	-1
"""कार्यक्रमले कृषि सहकारी, कृषक समूह र निजी फार्मलाई अनुदान प्रदान गरेको छ"""	0
"""सरकारले आन्दोलनमा मारिएकालाई शहीद घोषणा गरी क्षतिपूर्ति, घाईतेको उपचार, अंगभंग भएकालाई राहत र झुठा मुद्दा फिर्ता लिए वार्ताको वातावरण बन्छ"""	0
"""आतङ्ककारी सङ्गठनले निर्दोष नागरिकको ज्यान लिएका इर्डोगानद्धारा जारी लिखित विज्ञप्तिमा जनाएका हुन्"""	-1
"""राष्ट्रपतिले आइतबार अपहन ४ बजे संसदमा रहेका सबै दललाई राष्ट्रपति भवन शीतल निवास बोलाएकी हुन"""	0
"""तर, मोर्चाका अन्य नेताका अनुसार उनी शनिबार बिहान काठमाडौंमै थिए"""	0
"""सहमतिअनुसार सबै विश्वविद्यालय र प्रतिष्ठानमा पदाधिकारी नियुक्तिका लागि मौजुदा कानुनमा परिवर्तन गर्न तीन महिनाभित्र सुझाव दिनेगरी उच्चस्तरीय समिति गठन हुने भएको छ"""	0
"""सरकारले एक प्रदेशमा एउटा मेडिकल कलेज खोल्ने पूर्वसहमतिअनुसार स्पष्ट कार्ययोजना बनाउने र कार्यान्वयनमा ल्याउने सहमति भएको छ"""	1
"""सहमति मन्त्रिपरिषद्बाट अनुमोदन गर्ने र कार्यान्वयन अवस्था अनुगमन गर्न उच्चस्तरीय समिति गठन गर्ने सहमतिसमेत भएको छ"""	1
"""निर्णयको पत्र लिएर मन्त्री थापा केसीलाई भेट्न अनशनस्थल पुगेका थिए"""	1
"""वार्तास्थलमा अपराह्न पुगेका स्वास्थ्यमन्त्रीले शिक्षामन्त्री धनीराम पौडेललाई समेत बोलाएका थिए"""	0
"""मस्यौदा हेरेपछि केसीले केही सुधारका लागि आग्रह गर्दै आइतबारमात्रै अनशन तोड्ने अडान राखेका थिए"""	1
"""उनको मागबारे वार्ता गर्न सरकारले १५औं दिनमात्रै समिति बनाएको थियो"""	0
"""संविधान संशोधनसहित विषयमा छलफल गर्न बसेको राप्रपा केन्द्रीय कार्यसम्पादन समिति बैठक निर्णय गर्न नसकी शनिबार सकिएको छ"""	0
"""फागुनमा महाधिवेशन केन्द्रीय कार्यसम्पादन समितिले फागुनको ६ देखि ९ गतेसम्म राजधानीमा एकीकृत महाधिवेशन गर्ने निर्णय गरेको छ"""	0
"""त्यसका लागि माघ १५ मा देशभर एकैपटक क्षेत्रीय अधिवेशन र माघ २० गते ७५ जिल्लामा अधिवेशन गरेर महाधिवेशन प्रतिनिधि छनोट गरिने छ"""	0
"""शंकरनगरका युवाले पनि प्रधानमन्त्री पुष्पकमल दाहालको पुतलासहितको जुलुस निकालेर संशोधन प्रस्तावको विरोध गरे"""	-1
"""साँझ पुष्पलाल पार्कमा केहीबेर आन्दोलनकारी र प्रहरीबीच झडप भएको थियो"""	-1
"""अर्घाखाँचीमा दिनहुँ प्रदर्शन यसैगरी ५ नम्बर प्रदेशको पहाडी जिल्ला अर्घाखाँचीमा पनि संशोधनविरुद्ध जुलुस निकालिएको छ"""	-1
"""पाल्पामा चर्कंदै आन्दोलन प्रदेश ५ का पहाडि जिल्ला ४ प्रदेशमा गाभ्ने विधेयकको विरोधमा शनिबार पाल्पाको सदरमुकाम तानसेनमा जुलुस निकालिएको छ"""	-1
"""तानसेन बजार परिक्रमापछि जुलुस कोणसभामा परिणत भएको थियो"""	-1
"""जनजाति महासंघ पल्पाद्वारा स्वागत नेपाल आदिवासी जनजाति महासंघ पाल्पाले सरकारले ल्याएको संविधान संशोधनको प्रस्तावलाई सकारात्मक रुपमा लिँदै समर्थन गरेको छ"""	1
"""महासंघ पाल्पाका अध्यक्ष केहरसिंह राना र सचिव रामबहादुर गरम्जाद्वारा हस्ताक्षरित प्रेसविज्ञप्तिमा विधेयकको स्वागत गरिएको छ"""	1
"""यस्तै पीडितका झन्डै दुई लाख गुनासाको सम्बोधन गर्न समेत कार्याविधि पारित नहुँदा समस्या भएको प्राधिकरणले जनाएको छ"""	-1
"""सरकारले मधेसवादी दलको माग सम्बोधन गर्न ५ नम्बर प्रदेशका पहाडी जिल्ला टुक्र्याएर ४ नम्बर प्रदेशमा गाभ्ने विधेयक संसद्मा लगेको छ"""	0
"""यसले गर्दा हाल ५ नम्बर प्रदेशमा रहेका सातवटा पहाडी जिल्लाका बासिन्दालाई ४ नम्बर प्रदेश अत्यन्तै असहज हुने उनीहरूको भनाइ छ"""	-1
"""यी जिल्लाका लागि बुटवल वा दाङ निकट छन्, जो हालको ५ नम्बर प्रदेशको सम्भावित राजधानी सहर हुन्"""	0
"""बसाइँ सराइका कारण हाल ५ नम्बर प्रदेशमा रहेका पहाडी जिल्लाको सांस्कृतिक तथा सामाजिक सम्बन्ध सोही प्रदेशका तराईका जिल्लासँग छ"""	0
"""यही सामाजिक सम्बन्धको कारण हुनुपर्छ ५ नम्बर प्रदेशअन्तर्गतका तराईका जिल्ला बुटवल, दाङमा पनि आन्दोलनको आगो बलेको छ"""	-1
"""नाकाबन्दीकै समयमा भारतले ७ बुँदे संशोधन प्रस्ताव अघि सारेको थियो"""	0
"""बन्दप्रति उद्योग वाणिज्य सङ्घ, प्याब्सन, नेपाल पत्रकार महासङ्घ र अन्तरपार्टी महिला सञ्जालको पनि ऐक्यबद्धता छ"""	0
"""रेडियो जननीले विभिन्न व्यक्तिलाई जननी अवार्ड र जननी सम्मान प्रदान गर्दै स्थापनाको तेस्रो वाषिर्कोत्सव मनाएको छ"""	1
"""अनुपम म्यूजिक, पोखराको प्रस्तुति रहेको गीतको अडियो रेर्कर्डका लागि समिभन्ज्याङ गाविस र नागभैरव संस्कृति संरक्षण समूहले विशेष सहयोग गरेका थिए"""	0
"""भिडियोले समिभञ्ज्याङको पहिचान दिलाउन महत्वपूर्ण भूमिका खेल्ने तान्द्राङकोट परिसर विकास समितिका अध्यक्ष मेमबहादुर गुरुङले बताए"""	0
"""स्याङ्जास्थित विरुवा बजारमा फागुन २९ देखि चैत २ गतेसम्म ११ औ विरुवा बजार महोत्सव हुने भएको छ"""	1
"""अध्यक्ष मियाँका अनुसार महोत्सवमा वडास्तरीय पुरुष भलिबल प्रतियोगिता, लोकदोहोरी, नृत्य प्रतियोगिता, कृषि प्रदर्शनी, बालादेवी मन्दिरको पूजालगायत कार्यक्रम हुने भएको छ"""	1
"""वक्तृत्वकलामा उत्कृष्ट धौलागिरी आवासीयकी प्रीति तुलाचन र जनहित माविकी सविना विक, उत्कृष्ट नृत्यतर्फ धौलागिरी र जनहित माविका विद्यार्थीलाई पुरस्कृत गरिएको थियो"""	1
"""उनले पोखरासँगै तनहुँ र अन्य छिमेकी जिल्लालाई जोड्ने अभियानलाई पनि सँगसगै लिएर अगाडि बढ्ने बताए"""	1
"""तनहुँ सर्म्पर्क समाजका अध्यक्ष शिवराज पौडेलले डा थापाको समाजप्रतिको सदासयता समाजले कहिल्यै भुल्न नसक्ने बताए"""	1
"""छेलोमा प्रथमले सात हजार र द्वितीयले पाँच हजार रुपैयाँ साथमा मेडल र प्रमाणपत्र रहेको छ"""	1
"""मेलाको लागि टक्सार स्याङ्जा, फिरफिरे तनहुँ, जिल्ला प्रशासन कार्यलय स्याङजा र सुरौदी खोला जलाधार विकास समितिको सहयोग रहने आयोजकले बताएको छ"""	1
"""प्राचीनकालमा टक्सार खलङ्गा गाविसको देउराली डाँडामा सैन्य परेड खेल्ने स्थल तथा भवनको भग्नावशेष हालसम्म पनि देख्न सकिन्छ"""	1
"""तत्कालीन राजा मानदेवको पालाको सिक्कार बाइसे चौबिसे राज्यको सरकारी प्रशासनिक कार्य सञ्चालन तथा मुद्रा वितरण गर्ने ऐतिहासिक क्षेत्रका रुपमा टक्सारलाई लिइन्छ"""	1
"""प्राचीनकालदेखि उक्त क्षेत्रमा होली पूणिर्माको भोलिपल्ट होली देवीको पूजा गरी सार्वजनिक मेला लाग्ने प्रचलन रहेको किम्वदन्ती छ"""	1
"""माटोको उर्वराशक्ति र माटोको दिगोपना कायम राखी कृषकलाई माटोको प्राविधिक ज्ञान दिने उद्देश्यले महोत्सव स्थलमा माटो परीक्षण राखिएको थियो"""	1
"""सोसाइटीले काठमाडौंमा चियापान गरेको छ भने पोखरामा शुभकामना आदानप्रदान तथा पत्रकारलाई आर्थिक सहयोग गरेको छ"""	1
"""समितिको सदस्यहरुमा नगेन्द्र केसी, हरी भण्डारी, दोरण शेरचन, डिलप्रसाद जुक्जाली, बालकृष्ण पुर्जा, सविन रोका लगायत रहनु भएको थियो"""	0
"""उपभोक्ता समिति गठनका क्रममा गाविस सचिव र सामाजिक परिचालक अनिवार्य उपस्थित भैदिन आग्रह गरेका थिए"""	1
"""विद्यालयको भवन, पुस्तकालयको साम्रागी, कम्प्यूटर, कार्यालय र कक्षाका फर्निचर सहित करिव ९२ लाखको प्रारम्भीक अनुमान गरिएको छ"""	0
"""विद्यालयको भवन जलेर ध्वस्त भएपछि विद्यार्थीको पठनपाठन सहित विद्यालयका महत्वपुर्ण साम्रागी, पुरानो अभिलेख समेत जलेर नष्ट भएको छ"""	-1
"""वास्तवमा यस्तै क्षमता, प्रतिभा जस्ता गुणले स्वयम आफ्नो र यसका साथै समाजको कल्याण गरेको हुन्छ"""	1
"""यहाँसम्मको गति लिनुको पछाडि प्रत्यक्ष अप्रत्यक्ष रुपमा जुग्जालीको साहसिक कदमको परिणाम थियो भन्दा बढ्ता हुनेछैन"""	1
"""एप्पल वाचका प्रयोगकर्ताहरुले त्यसलाई आफ्नो आइफोनमा सिंक गरेर ताजा समाचारका हेडलाइन, रेडियो, तिथि, मितिहरु हेर्न सक्नुहुनेछ"""	0
"""आइप्याड प्रयोगकर्ताहरूलाई हाम्रो पात्रो प्रयोगको राम्रो अनुभवका लागि एप्लिकेशनको मूल विशेषतासहित ताजा समाचारलाई एउटै स्क्रिनमा व्यवस्थापन गरेको छ, जुन डिजाइनवाइज आकर्षक देखिन्छ"""	1
"""प्रयोगकर्ताहरूलार्इ हाम्रो पात्रो प्रयोगको राम्रो अनुभवकालागि एप्लिकेशनको मूल विशेषता सहित ताजा समाचारलार्इ एउटै स्क्रिनमा व्यवस्थापन गरेको छ, जुन डिजाइनवाइज आकर्षक देखिन्छ"""	1
"""एक पटक चार्ज गरेपछि झण्डै एक महिना चल्ने र २२ घण्टासम्म लगातार कुरा गर्न सकिने एचएमडीले जनाएको छ"""	1
"""एचएमडीले नोकिया थ्री, नोकिया फाइप र नोकिया सिक्स गरी तीन वटा नयाँ एन्ड्रोइट स्मार्टफोन पनि सार्वजनिक गरेको छ"""	0
"""त्यसपछि अमेरिकाले पठाएको छैन"""	-1
"""अहिले आएर भन्नु पर्दा शंकर बिसी ले काठमान्डौ आउन र एस छेत्रमा सहयोग गर्नु भएको छ वहाको पनि देन छ"""	1
"""दुइवटा गुप्तांग भएको कारणले गर्दा उनको जिवनमा निकै धेरै उतार चढाव आए"""	-1
"""दुइवटा गुप्तांग भएको खुलासा गरेसँगै उनको यु ट्युब च्यानल एकाएक हिट भयो"""	1
"""त्यसक्रममा डाक्टरहरुले अनौठो तथ्य पत्ता लगाए की उनको एउटा मात्र मृगौला छ"""	-1
"""मुम्बइको नुशरजी भाडिया मातृ अस्पतालमा यी अनौठो बालिकाको अहिले उपचार भैरहेको छ र उनलाई जिवित राख्नका लागि बाख्रीको दुध खुवाइएको छ"""	1
"""यो रोगका कारण सरीरको छाला बुढेशकालका मानिसको जस्तै हुन्छ, जिउभरी चाउरी हुन्छन् र बच्चा निकै कमजोर हुन्छ"""	-1
"""अन्ततः हजुरबुवाले उपचारका लागि अस्पताल पूराइएकी ती बालिकाको उपचारको सबै खर्च मुम्बइको उक्त अस्पतालले नै बेहोर्ने भएको छ"""	1
"""अस्पतालका दाँत विभाग प्रमुख सुनन्दा धिवारेका अनुसार यो अत्यन्तै दुर्लभ घटना हो"""	-1
"""अस्पतालमा उनको सात घण्टा लामो शल्यक्रिया पछि उनको दाँत बाहिर निकालेका थिए"""	-1
"""अघिल्लो हप्ता आएको आँधीले त्यहाँको जनजीवनमा निक्कै प्रभाव पारेको थियो"""	-1
"""नवगठित मलेसिया मञ्चले वैदेशिक रोजगारका क्रममा मलेसिया रहेका तर, केही सयमदेखि विरामी नेपालीलाई सहयोग गरेर समाजसेवाकोे कार्य समेत प्रारम्भ गरेको छ"""	1
"""उनीहरुकै पहलमा सुब्बालाई विहिबार अस्पताल भर्ना गरिएको र उपचार प्रारम्भ गरिएको छ"""	1
"""जसमा हजुरबासँगले आफ्नै छोराको छोरीसँग बिहे गरेको तथ्य सार्वजनिक भएको छ"""	-1
"""जस अन्तरगत एक युवतीले अन्जानमा आफ्नै हजुरबा सँग विवहा गर्न पुगेकी हुन्"""	-1
"""किनकी जो व्यक्तिलाई वृद्धले आफ्ना ठूलो छोरा भनिरहेका थिए त्यो व्यक्ति ती युवतीको बुवा थिए"""	-1
"""तर दक्षिण अमेरिकी देश पेरुमा पाइने मदर अफ अल चिलिज नामक खुर्सानीको मूल्य एक किलोकै झण्डै ३८ लाख रुपैयाँ पर्दछ"""	0
"""सो कार्यक्रममा मन्त्री डा महतले गैरआवासीय नेपाली संघद्वारा प्रकाशित स्मारिकाको विमोचन गरे"""	0
"""यसबाहेक मादक पदार्थ सेवन गर्ने, विद्यालयमा अनुपस्थित, पुरै घण्टीसम्म कक्षामा नबस्नेलगायतका शिक्षकहरूलाई धमाधम कारबाहीको दायरामा ल्याउन थालिएको छ"""	1
"""अगनुमनको क्रममा अर्खौलेस्थित सरस्वती माविका प्रअ डिकसेर राईले रक्सी आएर विद्यालय आएपछि राजीनामा गराइएको छ"""	1
"""मुलुककै शैक्षिक अवस्था कमजोर ठहरिएको खोटाङमा शिक्षा अधिकारी नेपाल आउनासाथ विद्यालय सुधारको अभियान थालिएको हो"""	1
"""बैठकमा विद्यालयको शैक्षिक अवस्था र विद्यार्थीको सिकाइ सुधार ल्याउन विद्यालय, अभिभावक, विद्यालय व्यवस्थापन समिति र शिक्षकको कार्ययोजनासहितको प्रतिबद्धता गराउने निर्णय गरिएको छ"""	0
"""उनका अनुसार, सबै प्रकारका व्यवसाय वा काममा कामदारहरूको भौतिक, मानसिक र सामाजिक सुरक्षाको उच्च तहको प्रवर्द्धन तथा निरन्तरताको अवस्थालाई व्यवसायजन्य स्वास्थ्य भनिन्छ"""	0
"""ध्वनि, धुवाँ र धूलोले ती ट्राफिक प्रहरीमध्ये सबैमा श्रवण शक्ति ह्रास, उच्च रक्तचाप र तनावमध्ये कुनै न कुनै समस्या देखिएको थियो"""	-1
"""यो अवस्थामा कार्यस्थलमा हुने दुर्घटना र त्यसबाट स्वास्थ्य समस्या भए क्षतिपूर्ति पाइने कानून बन्न थाल्नुलाई सकारात्मक मानिएको छ"""	1
"""कामदारले आवश्यक कागजात समावेश गरी आफू बिरामी भएको ६ महीनाभित्र कोषको कार्यालय वा कोषले तोकेको आधिकारिक प्रतिनिधिसमक्ष निवेदन दिनुपर्छ"""	0
"""उनका अनुसार, खानेपानी अभावका कारण तिब्बती सीमा छुसाङ गाविसस्थित साम्जुङका गाउँले बसाइँ सर्न बाध्य भए"""	-1
"""नीलगिरि हिमाल पग्लेर बग्ने प्याङ खोलामा बाढी र पहिरोका कारण खेतीयोग्य जमीन बगर बनेको छ"""	-1
"""१८ फागुनमा प्रधानमन्त्री र मन्त्रीहरूलाई बोलाएर आयोगले आचारसंहिता विपरीतका काम नगर्न, नगराउन सचेत गराएको छ"""	0
"""त्यसैगरी सरकारलाई विकास निर्माणका नयाँ कार्यक्रम थप गर्न, नयाँ बजेट बाँडफाँड र रकमान्तर गर्न समेत रोक लगाइएको छ"""	-1
"""आयोगले निर्वाचन नहुँदासम्म जिल्ला भ्रमण नगर्न र गर्नै परे सदरमुकामभन्दा बाहिर नजान मन्त्रीहरूलाई निर्देशन नै दिएको छ"""	0
"""त्यसैगरी आयोगले उम्मेदवारी रद्द गर्न र पटकपटक आचारसंहिता उल्लंघन गरे पाँच वर्षसम्म निर्वाचनमा भाग लिन प्रतिबन्ध समेत लगाउन सक्नेछ"""	0
"""केन्द्रीय सुरक्षा समितिको निर्णय अनुसार निर्वाचन सुरक्षामा नेपाल प्रहरी र सशस्त्र प्रहरी बलसँगै नेपाली सेना समेत परिचालित गरिनेछ"""	0
"""सकियो दल दर्ता स्थानीय तहको निर्वाचनमा कति वटा दल सहभागी होलान् भन्ने प्रश्न टुंगो लागेको छ"""	0
"""विज्ञप्तिमार्फत निर्वाचनको विरोध गरेको बाबुराम भट्टराईको दल नयाँ शक्ति नेपाल पनि आयोगमा दर्ता भएको छ"""	0
"""सूचीकृत दलका नाम र तिनलाई प्राप्त चुनाव चिह्नले तपाईंलाई प्राथमिक कक्षाको वर्णमालाको झ्ल्को दिन सक्छ"""	1
"""झ्न्झ्न् बिग्रिंदै त्रिविका पूर्व उपकुलपति केदारभक्त माथेमाको अनुभवमा, स्ववियू निर्वाचन झ्न्झ्न् उच्छृङ्खल, हिंसात्मक बन्दै गएको र शैक्षिक वातावरण खलबल्याउँदै लगेको छ"""	-1
"""त्यही परिषद्ले विद्यार्थी हितको लागि क्याम्पस प्रशासनसँग डिल गर्छ, शैक्षिक वातावरण पनि खल्बलिंदैन"""	-1
"""सडकका सवारी साधनलाई ट्राफिक प्रहरीले कन्ट्रोल रूम बाटै व्यवस्थापन गरिने यो प्रविधिमा ट्राफिक लाइटसँगै सीसीटिभी पनि जडान गरिएको हुन्छ"""	0
"""यसअघि दुई पटक टेण्डरबाटै छानिएका कम्पनीहरूलाई एडीबीले अस्वीकृत गरेको थियो"""	-1
"""७ कात्तिकमा वनस्थलीबाट कलंकीतर्फ आउँदै गरेको कन्टेनरले ट्राफिक प्रहरी जवान जनक खड्कालाई ठक्कर दिएको थियो"""	-1
"""आशिष गजुरेल ट्राफिक इन्जिनियर ट्राफिक प्रहरीहरूका अनुसार, सवारी साधनको व्यवस्थापनको अर्को मुख्य कारण भीआईपी सवारी हो"""	-1
"""ह्युमन राइट्स वाचले गत वर्ष मात्र सार्वजनिक गरेको प्रतिवेदनमा नेपालमा झ्ण्डै ३७ प्रतिशत बालिकाको विवाह १८ वर्षभित्रै हुने गरेको सार्वजनिक गरेको थियो"""	-1
"""नेपालले संयुक्त राष्ट्रसंघको दिगो विकास लक्ष्य (२०१६–२०३०) को समयसीमा भित्रमा बालविवाह अन्त्य गर्ने प्रतिबद्धता जनाएको छ"""	1
"""त्यसो त घर निर्माणकै बेला भेन्टिलेटर राख्ने, दाउराको सट्टा ब्रिकेट, ग्याँस, बिजुली, सुधारिएको चूलोको प्रयोग गर्न सकिन्छ"""	1
"""जनशक्ति कसरी पुर्‍याउने र त्यो जनशक्तिलाई चाहिने पूर्वाधार कसरी तयार पार्ने भन्ने तयारी भइरहेको छ"""	1
"""त्यो गर्न सक्ने संरचना म आउनुअघि नै बनिसकेको भए पनि जनशक्ति र उपकरण भएका संस्थाहरूबीच समन्वय भएको रहेनछ"""	1
"""मैले डन्डा बोकेर डाक्टर कहाँ छन् भनेर खोजेर हुँदैन, मैले बनाउने सही नीतिले जिल्लामा डाक्टर पुर्‍याउँछ"""	1
"""म आइसकेपछि विश्व स्वास्थ्य संगठनले ५० वटा स्वास्थ्य संस्थामा पेन–प्याकेज शुरु गर्‍यो, जसअन्तर्गत नसर्ने रोग लागे/नलागेको जाँच गरिन्छ"""	1
"""यी सेवा गाउँमा पुर्‍याउन सक्दा गंगालाल जस्ता ठूला अस्पतालमा गम्भीर मुटुरोग लिएर आउनेको संख्या घट्छ"""	1
"""ऐनमा नै कोषको ८० प्रतिशत रकम क्यान्सर, मुटुलगायतका रोगको सचेतना र प्रवर्द्धनमा खर्च गर्नुपर्छ भनिएको छ"""	0
"""जे जति नीतिगत र संरचनागत सुधार शुरु भएका छन्, ती सबै कार्यान्वयन गर्न आजको स्वास्थ्य मन्त्रालय सक्षम छ"""	1
"""म आउँदा सचिव, स्वास्थ्य विभागका महानिर्देशकलगायतका पदाधिकारी अख्तियार दुरुपयोग अनुसन्धान आयोगको मुद्दामा परेका थिए"""	0
"""यस्तो भयावह अवस्था थियो कि धन्न परिस्थिति फेरिएर महाआतंकबाट मुक्त भएको वातावरणमा काम गर्न पाइएको छ"""	1
"""मन्त्रालयले सात आठ वर्ष अघिदेखि मदिरा नीति बनाउने प्रयास गरे पनि अघि बढ्न सकेको रहेनछ"""	-1
"""तर, उनीहरूले बहकाउमा लागेर ती उपलब्धिहरू कांग्रेस–एमालेको पोल्टामा हालिदिए"""	-1
"""सबभन्दा आश्चर्य, उनीहरू स्थानीय निर्वाचनलाई संविधान संशोधनसँग जोडिरहेका छन्"""	0
"""किनकि, पारित भइहाले पूर्वका झापा, मोरङ र सुनसरी अनि पश्चिमका कैलाली र कञ्चनपुरलाई पहाडबाट अलग गर्नुपर्छ भन्दै आन्दोलनमा जाने उनीहरूको दाउ छ"""	-1
"""जे गर्दा पनि नमान्ने र समाधानमुखी कुरै नगर्ने भएकैले होला, उनीहरूकै समर्थनमा बनेको सरकारले पनि बाध्य भएर निर्वाचन घोषणा गरेको छ"""	0
"""यसअघि मधेशी जनताबाटै अस्वीकृत भएकाले यही अवस्थामा चुनावमा जाँदा पार लाग्दैन भन्ने उनीहरूको ठम्याइ छ"""	0
"""यसमा जति अवरोध गर्छन्, आफ्नै कारण अक्करमा धकेलिन पुगेका मधेशकेन्द्रित दलहरूलाई त्यति नै घाटा लाग्नेछ"""	0
"""तर एमाले र विशेष गरी ओलीका लागि राजविराज, जनकपुर जस्ता शहरमा आफ्नो उपस्थिति देखाउनु राजनीतिक रुपमा विजयको सन्देश पनि थियो"""	1
"""ओली विरुद्ध प्यारोडी बनाउनेदेखि उनका भाषणलाई मधेस विरोधी अभिव्यक्तिका रुपमा गाउँ गाउँमा प्रचार गरिएका थिए"""	-1
"""ईश्वर पोखरेल र बामदेव गौतम सप्तरी, सिराहा र धनुषाका चियापन कार्यक्रममा जाँदा समेत मोर्चा कार्यकर्ताको अवरोध सामना गर्नु परेको थियो"""	-1
"""तर, प्रदेश सीमांकनदेखि सप्तरी घटनासम्म पुग्दा एमालेले यो प्रदेशका सन्दर्भमा केही कमजोरी भएको महशुस गर्न थालेको छ"""	-1
"""कमजोरी २ एमालेको नवौं महाधिवेशनमा पदाधिकारी उम्मेदवार केन्द्रीय सदस्यको स्वतः उम्मेदवार बन्ने व्यवस्था रहेको छ"""	0
"""नेपालको बत्ति निभिसकेपछि सलाई कोर्नु भन्दा अगाडी नै सचेत रहनु सबै हिमाली पहाडी र मधेसीहरुको लागि हितकर हूनेछ"""	1
"""नेपालको संविधान ०७२ ले शब्दमा समान अधिकार सुनिश्चित गरे पनि व्यवहारमा भने विभेद जारी नै देखिन्छ"""	-1
"""भ्रुणदेखि नै छोरीहरूमाथि गरिने भेदभावले उनीहरूको शारीरिक र मानसिक बनोटमा समेत प्रतिकूल प्रभाव पर्न जान्छ"""	-1
"""बलात्कार,महिला बेचबिखन र विशेषगरी मधेसमा डरलाग्दो रूपमा रहेको दाइजो प्रथाले नेपाली नारीहरूलाई मृत्युको मुखमा धकेलिरहेको छ"""	-1
"""यस्ता मानवताविरोधी कृत्य गर्नेहरूलाई राज्यले हदैसम्मको कानुनी कारबाही र समाजले सामाजिक रूपमा बहिष्कार गर्ने हिम्मत गर्नुपर्छ"""	0
"""वेश्यावृत्तिमा संलग्न महिलाहरूलाई घृणा गर्नुभन्दा सबैलाई रोजगारी उपलब्ध गराई त्यस्तो घृणित पेसाबाट मुक्त गराउन सिंगै राज्य र समाज लाग्नु जरूरी छ"""	1
"""कानुनले वर्जित गरे पनि हाम्रो समाजमा बाल विवाह र बहुविवाह अहिले पनि समस्याको रूपमा छ"""	-1
"""बहुविवाहको कारण परिवार विघटन हुने र त्यसको सबभन्दा ठूलो भौतिक र मानसिक असर महिलामाथि पर्दै आएको छ"""	-1
"""हामीकहाँ महिलाहरुले आफ्नो इच्छा र सहमति विपरीत अरू कसैको दबावमा गर्भधारण र गर्भपतन गर्नुपर्ने बाध्यता पनि कायम छ"""	-1
"""तसर्थराज्यले कानुनको समयसापेक्ष निर्माण र प्रभावकारी कार्यान्वयन,नागरिक स्तरमा जनचेतना अभियानको माध्यमबाट यस्ता हिंसात्मक कुप्रथाको अन्त्य गर्नुपर्छ"""	-1
"""लैंगिक समानता र स्वतन्त्रताको अभियानसँगै निरपेक्ष समानता र स्वतन्त्रताको उपभोग गर्ने विकृति पनि समाजमा बढ्दै गएको छ"""	-1
"""समानता र स्वतन्त्रताको नाममा केही महिलाहरूले गर्ने कतिपय उच्छृङ्खल व्यवहारले महिला समानता र स्वतन्त्रताको अभियानलाई कमजोर बनाइरहेको छ"""	-1
"""आउजाउ गर्दा चिनजान भएका ती कामदार महिलाहरुलाई हिजो बेलुका सोँधे, दिदी, भोलि के दिवस हो थाहा पाउनु भा छ"""	0
"""तर, नेपालका श्रमिक महिलाहरुको हालत हिजो जहाँ जस्तो थियो, आज पनि त्यही हालत, त्यही गतिमा कायम छ"""	-1
"""घरका छोराछोरी, नाति नातिनीले महिला अधिकार र हकका कुरा गर्दा हजुरआमालाई पत्यार लाग्दैन, उल्टै थर्काउनुहुन्छ"""	-1
"""सरकारले सार्वजनिक विदा दिएको छ, पहिले नारीलाई मात्र विदा दिने भए पनि अहिले पुरुष कर्मचारीलाई समेत विदा दिइन्छ"""	-1
"""एक पक्षलाई निषेध गरेर अधिकार पाइँदैन, दुबैको सहकार्यबाट मात्रै अधिकार प्राप्ति हुन्छ र त्यसको सही सदुपयोग पनि हुन्छ"""	1
"""अनि यो पनि भन्न चाहन्छु,मेरा पुराना लेखहरु पुरानो समय,पुरानो स्थिति र पुराना विचारमा आधारित थिए"""	0
"""घरका पुरुष साथमा नलिई एक्लै बजार जान समेत नपाउने अवस्था अरब मुलुकहरुमा अझैसम्म कायम छ"""	-1
"""तसर्थ, विश्वलाई नै नेतृत्व गर्ने इतिहास बोकेका हामी नेपाली महिलाले अब फेरि महिला राजनीतिमा एकचोटि विश्वलाई नै नेतृत्व गर्ने बेला आएको छ"""	1
"""अहिलेकै व्यवस्था अनुरुप पनि आगामी स्थानीय तहको निर्वाचनमा करिब १४ हजार महिला निर्वाचित भएर आउने संवैधानिक व्यवस्था नै छ"""	1
"""अब यो सँगै महिलाको स्तरमा समेत वृद्धि गर्दै आगामी निर्वाचनमा यो संख्या बढाएर जनसंख्या अनुरुप ५१ प्रतिशत पुर्‍याउन जरुरी छ"""	0
"""त्यस्तै, यस अवसरमा देशभर हुने महिला जमघटहरुमा आउँदो स्थानीय निर्वाचनमा गाउँ-गाउँबाट महिला सहभागिता बढाउन समाजमा व्यापक विमर्श र चर्चा हुनुपर्छ"""	1
"""अब पार्टीहरुले कोटा पुर्‍याउन मात्रै महिलाहरुलाई राजनीतिमा सहभागी गराउने हैन,महिलाहरुको नेतृत्व क्षमतालाई मौलाउन सक्ने वातावरण संगठनभित्र र बाहिर तयार पार्न आवश्यक छ"""	1
"""एमाले सचिव योगेश भट्टराई आफैं उभिएर कार्यकर्तालाई चुपचाप आ-आफ्नो सवारी साधनमा बस्न निर्देशन दिइरहेका थिए"""	1
"""जबकि एमालेका सभाका सहभागी र अभियानका टोलीका मान्छेहरु समेत गन्दा करीव १० हजारको हाराहारीमा थिए"""	0
"""प्रचण्डले ओलीलाई बाँकी कार्यक्रम स्थगित गरेर काठमाडौं आइदिन विनम्र आग्रह नै गरे"""	1
"""जहाँ बढीमा एक सयजनाको संख्यामा प्रदर्शनकारीहरुले कालोझण्डा देखाएर एमाले र केपी ओलीविरुद्ध नाराबाजी गरिरहेका थिए"""	-1
"""राजमार्गमा एमालेका अभियानको स्वागतमा सूर्य चिन्ह अंकित सेतो झण्डा र बिरोधमा कालो झण्डासहित उभिनेहरुको संख्या लगभग उस्तै उस्तै थियो"""	-1
"""कतिपय ठाउँमा स्वागत र बिरोध गर्नेहरु मिलेरै आ-आफ्नो कर्तव्य पूरा गरिरहेका देखिन्थे"""	1
"""अभियानका क्रममा झापा, मोरङ र सुनसरीका सभाहरु भन्दा राजविराजको सभा निकै व्यवस्थित र मास पनि उल्लेख्य थियो"""	0
"""राजविराज जाने सडकमा तनाव जारी रहेकाले एमाले नेताहरु जतिसक्दो चाँडो कार्यक्रम सकेर कञ्चनपुर जान चाहान्थे"""	-1
"""सभास्थलभित्र रहेका एमाले कार्यकर्ता बाहिर आउन खोज्दा प्रहरीले र एमालेकै नेताहरुले रोकेर परिस्थिति बिगि्रन नदिने प्रयास गरेको देखिन्थ्यो"""	1
"""मोर्चाको आवरणमा निषेधको राजनीति यदि एमालेलाई मधेस विरोधी भनेर उसको कार्यक्रमको बिरोधमात्र गर्ने उद्देश्य थियो भने, मोर्चा त्यसमा सफल भइसकेको थियो"""	1
"""एमाले मधेस विरोधी हो भनेर उनीहरुले राजमार्गमा कालोझण्डा देखाएकै थिए"""	-1
"""तर, बुझीबुझी गोली चलाउन आदेश दिनेको नियत सफा नभएसम्म, मधेसमा चुनावको वातावरण बन्ने छैन र २ नम्बर प्रदेश बाँदरको घाउ जस्तै हुनेछ"""	-1
"""नवलपुरमा एमालेले हस्तक्षेप गरी मोर्चाको कार्यक्रम विथोले र राधिका देवी साहको हत्या गरे"""	-1
"""एकल जातीय संगठन नेपाल प्रहरी र शसस्त्र प्रहरीले अहिले एमालेको कार्यक्रमको मञ्च निर्माण गर्दैछ र नेताहरुको स्वागत गर्दैछ"""	0
"""पहिलो वाक्याङस प्रजातन्त्र नरहदा राजा रहेनन प्रमाणीत भयो अब राजा नरहदा देश नरहने पनी साँचैनै हो कि भन्ने देखीदैछ"""	-1
"""पहाडे रास्ट्रवाद र साम्प्रदायिक बिचारले इटहरी गुन्जिएको थियो"""	-1
"""गोली लागेका मध्ये मलेठ गाविस २ का सञ्जन मेहता, मलेठ गाविस ४ का पिताम्बर मण्डल, प्रसवनी गाविसका आनन्द साहको ज्यान गएको छ"""	-1
"""प्रहरीको पुरानै कुरा प्रहरीले घटनाको कुनै अनुसन्धान नै नगरी प्रदर्शनकारीबाट पेट्रोल बम प्रहार गरेपछि गोली चलाउनुपरेको उल्लेख गरेको छ"""	-1
"""उनले प्रहरीलाई यो कुरा प्रमाणित गरेर देखाउन चुनौति दिए"""	-1
"""पानी फोहरा दिने गाडी देखाउन मात्रै एमालेको अभियानसँगै सुरक्षाकर्मीले पानीको फोहरा दिने गाडी समेत मगाएको थियो"""	-1
"""एमाले कार्यकर्ताले ढुँगा फ्याँकेपछि तिब्र बनेको झडपमा प्रहरीले एक्कासी अश्रु ग्यास प्रहार शुरु गरेको थियो"""	-1
"""मधेसका जनता मोर्चाका रैति हुन्, कमैया हुन्, यिनले अरुको कुरा सुन्नुहुन्न सिर्फ मोर्चाको आदेश सुन्नुपर्छ"""	-1
"""अब हामी थप हिंसा मच्चाएर देखाइदिन्छम्"""	-1
"""तर, बैंकले सामाजिक जीवन, वास्तविक क्षेत्र र वातावरणमा कस्तो प्रभाव पार्‍यो भन्ने कुरा पनि हेर्नुपर्छ"""	0
"""संरचनागत त्रुटि बैंकले नाफाभन्दा अगाडि जनतालाई ध्यान दिनुपर्ने भए पनि नेपालमा यसबारे केही संरचनागत त्रुटि पनि छ"""	-1
"""वित्तीय सेवा एउटा पक्ष हो, वित्तीय सेवासँगै त्यसको पृष्ठभूमि तयार गर्न भौतिक पूर्वाधार आवश्यक हुन्छ"""	0
"""नेपालमा कुनै समय पस्मिना, गार्मेन्ट व्यापार फस्टाएको थियो"""	1
"""वित्तीय सुशासन ०५८ सालपछि राष्ट्र बैंकले केही नीतिहरु ल्याएपछि संस्थागत सुशासनमा पनि सुधार भएको छ"""	1
"""सामाजिक दायित्वको नयाँ सोच सामाजिक दायित्वको रुपमा अब बैंक तथा वित्तीय संस्थाले वित्तीय साक्षरतामा जोड दिनुपर्छ"""	1
"""हामी स्टेट नेशन हो, किनकि हामीसँग बहुरुपी संस्कार र सभ्यता छन्"""	1
"""तर, त्यो पीडा सधैं समाजिक जीवनमा बिझाइरहृयो भने त्यो समाज र राष्ट्रका लागि अनुत्पादक हुन्छ"""	-1
"""लोकतान्त्रिक मूल्य र मान्यता अंंगीकार गरेको समाजमा प्रत्येक नागरिकलाई अधिकारको प्यास मेटाउने अधिकार सुरक्षित छ"""	1
"""आफुले पाएको अधिकारको स्वयम आफैंले संरक्षण र प्रवर्द्धन र अर्कोको अधिकारप्रति स्यालूट र सम्मानन गर्नुपर्ने नैतिक बाध्यता रहन्छ"""	0
"""समाजको रहेको सीमित स्रोत साधन र त्यसको अन्यायपूर्ण वितरणको जडबाट सामाजिक तनाव सिर्जना हुने गर्दछ"""	-1
"""विकासको गति, सामाजिक न्यायको पक्ष, आर्थिक समाजिक उपलब्धिहरुको वितरणको अवस्था, र सामाजिक सहिष्णुताको विद्यमान अवस्था र सुशासनको स्पर्श गर्न समाजको तल्लो छेउमा उभिएर माथितिर हेर्‍यो भने देखिन्छ"""	0
"""लोकतन्त्र, आर्थिक समाजिक एवं विकासात्मक लाभहरुको रस जबसम्म समाजको तल्लो तप्कामा जुन दिनसम्म पुग्दैन, त्यो दिनसम्म लोकतन्त्र निरही भइरहन्छ"""	-1
"""लोकतन्त्रको प्रयोग र अभ्यास राज्य एक्लैले मात्र गर्ने गर्दैन यसको लागि राज्यअन्तर्गतका निकाय र आम नागरिकहरुको परस्पर छलफल र समन्वयबाट हुने गर्दछ"""	0
"""यसका लागि नागरिकमा नागरिक चेतना र राज्यमा लोकतन्त्रिक चेतना र चरित्रको विकास हुन आवश्यक हुन्छ"""	1
"""लाइनमा उभिएका महिलाहरु उनको गोडामा ढोगिरहेका देखिन्थे"""	-1
"""तर, न लागूऔषधको प्रयोग गर्नेमाथि रोक लगाइन्छ, न त नाङ्गिएर धर्मको नाममा बर्सेनि पशुपतिनाथमा भित्रिने बावाजीहरुमाथि निगरानी गरिन्छ"""	1
"""संस्कृति र संस्कारको नाममा जे-जति कुरीतिले निरन्तरता पाएका छन्, त्यस्ता कदमको विरोध गर्नैपर्छ"""	1
"""छोरीले काजक्रिया गर्न हुँदैन भनिथ्यो, पछिल्लो समय गर्न थालेका छन्"""	1
"""उक्त घटनामा २७ जना विरुद्ध मुद्धा परेको थियो"""	-1
"""उनीहरु लगायत २७ जना विरुद्ध पौडेलकी धर्मपत्नी विनु रायमाझी पौडेलले२०६८ माघ १५ गते जाहेरी दिएकी थिईन्"""	-1
"""घटनामा संलग्न रहेको आरोप लागेका अन्य १३ जनालाई सफाइ दिएको जिल्ला अदालत चितवनले जनाएको छ"""	1
"""राप्रपाले अध्यक्ष सूर्यबहादुर थापाका छोरा सुनिल थापालाई वाणिज्य तथा आपूर्ति मन्त्रीमा पठाउने निर्णय गरेको छ"""	1
"""डेढ वर्षअघिसम्म राष्ट्रसंघका जागिरे थापा राजनीतिमा आए लगत्तै राप्रपा केन्द्रीय सदस्य निर्वाचित भएका थिए"""	0
"""खनालले एपोलो अस्पतालमा स्वास्थ्य परीक्षण गर्ने र म्याक्स अस्पतालमा उपचार गराइरहेका केपी ओलीलाई भेट्ने कार्यक्रम छ"""	0
"""उनी प्रधानन्यायाधीश पदको निम्ति अयोग्य हुनुपर्ने कारण भए पेस गर्न समिति बैठकले तीन दिन समय दिएको छ"""	0
"""अघिल्लो वर्ष तत्कालीन प्रधानन्यायाधीश खिलराज रेग्मी मन्त्रिपरिषद् अध्यक्ष भएपछि शर्मा कामु प्रधानन्यायाधीश बनेका थिए"""	0
"""पहिलो संविधानसभाले आफ्नो कार्यतालिका दुई बर्षको लागि तय गरेको भएपनि उक्त कार्यतालिका अनुसार काम हुन नसकेपछि त्यतिबेला १२ पटक संशोधन गरेको थियो"""	0
"""अमेरिका, अष्ट्रेलिया, युरोपका विभिन्न मुलुकमा स्थायी बसोबास सुरु गरेका कर्मचारीबारे छानबिन थालेर चर्चाको केन्द्रमा रहेका पण्डितलाई बोडेले शुक्रबार भेटेका हुन्"""	0
"""सभाले असोजमसान्तसम्ममा संविधानको पहिलो मस्यौदा तयार पारि जनताको राय सुझावका लागि नागरिक संवन्ध समितिमा पठाउने छ"""	1
"""सभाले तयार पारेको पहिलो मस्यौदालाई कार्तिक मसान्तभर जनतामा पुर्याइ रायसुझाव संकलन गर्ने कार्यतालिकामा उल्लेख छ"""	0
"""त्यसपछि संविधानसभाले पुष मसान्तसम्ममा संविधानको मस्यौदामा आवश्यक परिमार्जन गर िविधेयकको रुपमा सभामा पेश गरी दफावार छलफल गर्नुका साथै सभाले पारित गर्ने छ"""	0
"""यी तर्कहरु सुन्दा कुन साँच्चैको तर्क हो वा कूतर्क हो, सामान्य मानिसलाई छुट्याउनै मुश्किल पर्नसक्छ"""	-1
"""अहिले बजारमा आएका त्यस्तै केही तर्कहरु हेर्नुस् र यी मध्ये कुन कुतर्क हुन्- आफै छुट्याउनुस्"""	-1
"""त्यसैले स‍ंविधान सभाको पहिलो बैठकले घोषणा गरेको राजसंस्था नरहने अर्थात् गणतन्त्रको घोषणा पनि खारेज हुन्छ"""	-1
"""त्यसको हैसियत काम चलाउ हुन्छ र कार्यकारी अधिकार राष्ट्रपतिको भएपछि उनीबाट अर्को सहमतिको सरकार बनाउन आह्वान हुनेछ"""	-1
"""संविधानसभाको अनपेक्षित अवसानका कारण उत्पन्न राजनीतिक अन्यौलको निकास शान्तिपूर्ण र लोकतान्त्रिक विधिबाटै पहिल्याइने विश्वास पनि सम्माननीय राष्ट्रपतिले व्यक्त गर्नुभएको छ"""	1
"""निर्वाचनको मिति राष्ट्रपतिले किन घोषणा गरेनन् भन्ने प्रश्नमा संविधानको धारा ६३ मा नेपाल सरकारले संविधान सभाको निर्वाचन घोषणा गर्ने भनिएको छ"""	1
"""संविधानसभाको अनपेक्षित अवसानका कारण उत्पन्न राजनीतिक अन्यौलको निकास शान्तिपूर्ण र लोकतान्त्रिक विधिबाटै पहिल्याइने विश्वास पनि सम्माननीय राष्ट्रपतिले व्यक्त गर्नु भएको छ"""	1
"""पहिलो जाति नेपाली अनि दोस्रो ठूलो जाति बिहारी भनेर कतै हुँदै नभएको जाति उल्लेख गर्ने रोयटर्सले अब भने त्यसलाई पनि सच्याएको छ"""	-1
"""मैले पनि बिरोध पत्र लेखि सके बाकी साथीहरूले फ्ब मा सहरे गरेर चौतर्फी बिरोध अझै गरिरहनु पर्छ"""	-1
"""सूर्यको अघिल्तिरबाट चन्द्रमा अघि बढ्दा चन्द्रमाले सूर्यको एउटा ठूलै हिस्सालाई छेक्छ, त्यसैले यसलाई ग्रहण भनिन्छ"""	0
"""कालो थोपाअघि अनौठो आकारको रहस्य सूर्यमा शुक्र ग्रहको कालो गोलो टीका देखिनुअघि सूर्यलाई छुनछुन लाग्दा अनौठो आकार पनि देखिन्छ"""	0
"""जसरी तपाईँ आफ्नो बूढी औँला र चोर औँलालाई छुँदा छुन-छुन लाग्दा कालो कालो चिज देख्नुहुन्छ, यो पनि त्यस्तै हो भनिन्छ"""	-1
"""यो माथि जलिरहेको सरकारी गाडी हो"""	-1
"""फेरि त्यो त फ्लाइङ स्क्वाड (द्रुत टोली) थियो"""	0
"""योगेश आदी, न्यूयोर्क       यी व्यापारीहरुले राज्य भनेको नारायणगढको ब्यापार गर्ने सेरोफेरो र त्यहिको बलबाहुको संसार भन्ठानेको छन् कि क्याहो"""	-1
"""साल देखि जेलनेल खादै सम्पुण जिबन राजनितिमा खेर फालेका नेताहरुले राम्रो कामको जस अर्कोदललाई मात्र लिनदेलान भनेर नसोचेपनि हुन्छ"""	-1
"""मान्छे को बिचार नस्ट गर्नुस न मान्छेको विकृत दिमाग धुलाई गर्नुस न के येस्ता आन्दोलन गरेर कुनै उपलब्धि भएको छ"""	-1
"""नियम ,कानुन , कर्तब्य अनि अनुसासनको बोद् नभय सम्म देशको अवस्था येही नै रहेने छ"""	-1
"""यो त सरकारले काम लगाउने कम्पनि हरु लाइ कडा भन्दा कडा नियम बनाइ लेबर को पक्क्षम लागु हुनु पर्छ"""	-1
"""पहिलो कुरा स्वीकृत कम्पनीहरुले मात्र गर्न पाउछन्, तिनीहरुको बकार्इदा ठुल्ठुला होल्डिङ बोर्ड राख्नु अनिबार्य छ"""	0
"""र सबै भन्दा ठुलो कुरा   जता भवन बनेपनि मान्छे को ज्यान को  को  हुनै पर्छ"""	1
"""भन्दा पनि यी सङ कुरा मा ख्याल गर्यो भने कामदार को ज्यान को हिफाजत हुन्छ"""	1
"""यो घटना     को विशेषतायुक्त भएकोले यस्ता अपराध बिरुद्ध  &     अवलम्बन गरी हामी घटनाको गहिराई सम्म पुग्न प्रयासरत छौं"""	1
"""कारबाही अनुसार जुन पसलमा छापा मार्ने क्रममा यो सब भएको हो, त्यो पसलका साहुहरुको सबै सम्पति र बैङ्क खाता रोक्का गरिएको छ"""	1
"""त्यहाँ उनीहरुले कर छलेको विषयमा, राजस्व अधिकारीहरुलाई दुर्व्यवहार गरेको र गाडी जलाएको विषयमा स्पष्टीकरण दिनुपर्नेछ"""	-1
"""वक्तव्यमा राजस्व प्रशासनले देखाएको जबर्जस्ती कायम रहिरहने हो भने बहुसंख्यक व्यवसायीहरु आन्दोलित भएर मुलुकमा अझ असहज वातावरण बन्ने चेतावनी दिइएको छ"""	0
"""यदी ति ठग ब्यापारीहरुलाई माथि भने बमोजिम कारबाही भयो भने नेपाल मा अझै पनि कानुनी सासनको अन्त्य भैसकेको रहेनछ भन्ने प्रमाणित हुन्छ"""	0
"""अहिले त चुनाब घोसना भएपछी ब्यापारी झन् भ्रस्ट हुनु पर्दछ किन कि फेरी चन्दा हाल्नु पर्छ"""	-1
"""हामीले पनि देखेको छु राजस्वो को कर्मचारी कति सुद्ध छन् कहिले घुस खादैन सदै नियमको पालना गर्छ"""	-1
"""आमसभा भए पनि पसलमा किनबेच जारी थियो"""	1
"""जनताबाट चुनिएका सांसदहरुले भेला हुने ठाउ नपाएर अन्तर्राष्ट्रिय सम्मेलन केन्द्र प्रयो गरे"""	0
"""जस्तोसुकै अप्ठ्यारा परिस्थितिमा पनि आफ्नो स्वाभिमान बचाईराखेको थियो"""	1
"""तिमीजस्त गोल्थक्करहरु स्वाहा भएर गए चाँही देशले शान्ति पाउने थियोकी"""	-1
"""६०१ बिराला हरुबाट शासित हुनु भन्दा त् एउटा शिंह बाट शासित हुनु धेरै राम्रो हो"""	0
"""तर परस र परस्को बाउलाई होईन परसको छोरालाई राजा बनएर्, नेपाल पनि राज परिवारलाई मान्नु पर्छ अनि बल्ल देश एक हुन्छ"""	0
"""राजसंस्था हुँदैमा देश अनि जनताका पक्षमा केही लछारपाटो लाग्ने होइन भन्ने तथ्य ४६ साल अघि र पछिका घटनाक्रमले पुष्टि गरिसकेको छ"""	0
"""हुन त यस्तो सपना धनकुबेरबाट धन झरुञ्ज्यालमात्र आउने हो"""	-1
"""माओवादीको जातीय राज्यको कल्पना जातीय आधारमा मात्र होइन, सांस्कृतिक, भाषिक, धार्मिक साथै ऐतिहासिक पृष्ठभूमिलाई समेत आधार बनाएर बनाइएको पाइन्छ"""	0
"""अब अनेक जाति, धर्म, संस्कृति, भाषा अनि ऐतिहासिक पृष्ठभूमिलाई आधार बनाइसकेपछि एउटै धर्म जनाउने राष्ट्रका रूपमा कसरी पहिचान दिन मिल्छ"""	1
"""कमल थापाले राजतन्त्रको लागि राजनीति गरेको नभयर अहिले राजतन्त्र कमल थापाको राजनीतिको लागि उपयोगी बिषय बस्तु बनेको छ"""	-1
"""नेता हरु को विचार थाहा पी सकेकोछ, अब नेपाल मा नया जोस को युवा नेता चाहिए को छ कोहि छ"""	-1
"""अब चुनाब भएमा एमाले र कांग्रेस दरेर बहिष्कार गर्ने होला अनि कमल थापा नै दोस्रोमा हुन्छ"""	-1
"""अनि ४ बर्ष देश हाकन पेमा अलिकती देशलाई अघि बढेको हेर्न पईन्छ की भन्ने आशा गर्न सकिन्छ"""	1
"""एमाले कांग्रेस लगायत  दल ले भन्दा रा प्र पा नेपाल एक्लैले अलिक धेरैलाई बेबकूफ बनाएछ"""	-1
"""तर यो प्रदर्शनलाई जोगीजस्ता र केही अबुझ जनताहरुलाई देखाउन को लागी पनि उपयुक्त हुने रहेछ"""	1
"""राजतन्त्र बयूताउनु पर्ने बेला भैसकेको छ, नत्र त चोर नेताहरुले देशलाई इंडियामा पलायन गराएरै छाडछन् , राजा आऊ देश बचाऊ"""	-1
"""सामान्य बिरोध हुँदै थियो तर बिरोधको स्वर भन्दा समर्थनको स्वर चर्को सुनियो"""	1
"""यसचोटि त असैह्य भए छ क्यारे, निर्वाचनमा खटिएका कर्मचारीहरूले समेत विरोध गरे"""	-1
"""जनावरहरूको जथाभावी हत्या गर्नु उसको शोखको विषय थियो"""	-1
"""खरायोको योजनामुताविक चङ्खे बाँदरले उक्त मन्दिरबाट एउटा राम्रो बज्ने घण्टी निकाल्यो र बजाउँदै हिँड्न थाल्यो"""	0
"""त्यो खुसीयालीमा उपस्थित सबै प्राणीहरूले ताली बजाउँदै सिंहको जयजकार गरे"""	1
"""घण्टी बज्न छोडेपछि घण्टी खोज्दै गएका प्राणीले देखे उक्त घण्टी मृत सिंहको घाँटीमा आरामले बसिरहेको थियो"""	0
"""उसको दुःखी हुने क्रम बिस्तारै बढ्दै गइरहेको थियो"""	-1
"""पहिले आमा जानुभएको थियो, त्यतिबेला बहिनी मेरो आमा भएकी थिइन्"""	1
"""म आफूले छोडेर आएको मातृघरमै पुगिसकेको थिएँ"""	1
"""भिमप्रशाद सधैं झै कार्यमा ब्यस्त थियो सवारीका साधनहरु बाक्ला थिए"""	-1
"""बसको चालकको उक्त बसको ब्रेकफेल भएर नियन्त्रण देखी बाहिर थियो"""	-1
"""हेर आज, म फोहोरको थुप्रोमा कैयौं पटक बंगैचामा फूल्न नपाई कोपिलामै चुँडिएर रङ्गीन संसारको सृष्टि पत्झर शिशिर अँगालेछु"""	1
"""म त निर्दोष फूल हुँ"""	1
"""उनीहरुले आन्दोलनका बेलामा ग्यास अन्यत्र पठाउन लागेको भन्दै गाडी नियन्त्रणमा लिन खोजेको प्रहरीले जनाएको छ"""	-1
"""गाउँमा कामदारको अभाव भएकाले सामाजिक संस्थाले प्रदान गरेको तालिमपछि महिलाहरू यो पेसामा अग्रसर भएका हुन्"""	1
"""जनहितले हिमाली विकट गाउँ पाङताङ, बराम्ची र हगाममा दक्ष डकर्मी उत्पादन गरी गाउँमा भूकम्पप्रतिरोधी घर निर्माण गर्ने अभियानका साथ काम गरिरहेको छ"""	1
"""यसका लागि एनआरएनएले लाप्राकको गुप्सी पाखामा परियोजना कार्यालय निर्माण गरी भवन निर्माणसम्बन्धी आवश्यक काम सञ्चालन गरिरहेको छ"""	1
"""यसैगरी स्वयंसेवकको खाना तथा बस्ने व्यवस्थाका लागि आवासगृह र किचेनको लागि चाहिने सामग्रीको प्रबन्ध पनि भइसकेको छ"""	1
"""उनीहरूले गाउँमै आएर यहाँका उद्यमीले भन्दा बढी मूल्य दिएर अल्लोको कच्चा पदार्थ लैजाने गरेपछि छेस्कामका उद्यमीहरू थप संकटमा परेको विमलकुमारीको भनाइ छ"""	-1
"""एकल महिला तथा आर्थिक अवस्था कमजोर रहेका महिलासमेत गरी २५ जनालाई कोषले अल्लोका कपडा उत्पादनमा सहयोग गर्दै आएको छ"""	1
"""यहाँका ९ सय ६१ जनालाई अल्लोबाट लाभान्वित बनाउने उद्देश्यले काम भइरहेको कार्यक्रम संयोजक कुलुङको भनाइ छ"""	1
"""गत असोजमा भारतीय नाकाबन्दीका कारण देशमा पेट्रोलको हाहाकार भएको बेला नेपाली सेनाले काठमाडौँ बाहिर पनि पेट्रोलपम्प विस्तार गर्ने योजना बनाएको थियो"""	1
"""आवेदन दिन चाहनेले मध्यमाञ्चल क्षेत्रीय स्वास्थ्य निर्देशनालय र निर्देशनालयले तोकेका स्थानमा आवेदन बुझाउनु पर्ने छ"""	0
"""युवा तथा साना व्यवसायी स्वरोजगार कोष र साना किसान विकास बैंकको क्षेत्र विस्तार गर्दै ठूलो संख्यामा रोजगारी सिर्जना गर्ने सरकारको योजना छ"""	1
"""यस्तै, स्वरोजगार कार्यक्रमहरूको विस्तार, वित्तीय पहुँचको विस्तार र अन्य सामाजिक कार्यक्रमहरूको विस्तार गरी आन्तरिक रोजगारी बढाइने जनाएको छ"""	1
"""वैदेशिक रोजगारीमा गएकाहरूले बैंकिङ प्रणालीबाट रेमिट्यान्स पठाएमा सामाजिक सुरक्षा कार्यक्रम लागू गर्ने र यसले हुण्डी नियन्त्रणमा आउने अर्थमन्त्रीको विश्वास छ"""	1
"""सुर्तीजन्य पदार्थको कारोबार गर्न दर्ता गर्ने निकायमा दर्ता भई इजाजतपत्र लिनका लागि विर्स २०७३ फागुन मसान्तभित्र समयसीमा तोकिएको छ"""	0
"""हाल समूदायको मातहतमा रहेको जडिबुटी प्रसोधन केन्द्रलाई निकट भविष्यमा स्थानीय जडिबुटी व्यापारीद्वारा व्यवस्थापन गर्ने बताइएको छ"""	0
"""यसरी अगाडि बढ्दा जडिबुटीका कृषकहरुलाई बजारीकरणमा सहजता हुनुका साथै जडिबुटीको उचित व्यवस्थापन हुने परियोजनाले जनाएको छ"""	1
"""हाल दाङ, बाँके र रोल्पा जिल्लामा सञ्चालनमा रहेको कार्यक्रमको रोल्पा जिल्लामा समयावधी थप गर्नुपर्ने सम्वन्धित जडिबुटी खेतीमा आबद्ध किसानहरुको माग छ"""	-1
"""जटिल पेट र कलेजो रोग उपचारका लागि कुनै पनि नेपालीले अब विदेसिनु नपर्ने नर्भिकको विश्वास छ"""	1
"""कृषि विकास मन्त्रालयका अनुसार धानखेती हुने करिब १५ लाख हेक्टर क्षेत्रफलमध्ये आजसम्म १८ प्रतिशत रोपाइँ भइसकेको छ"""	0
"""तराईमा ७० प्रतिशत, पहाडमा २६ तथा हिमाली क्षेत्रमा ४ प्रतिशत धानबाली लगाइन्छ"""	0
"""यो जितसंगै आर्मीले ३ लाख पायो भने, उपविजेता बनेको लुम्बिनीले १ लाख ५० हजारमा चित्त बुझायो"""	1
"""पाँच वटा सीसी क्यामेराले मात्र अझै निगरानी राम्रोसग नहुने भएकाले फेरी पनि अझ जडान गरीने बरिष्ठ जनस्वास्थ अधिकृत जोशीको भनाई छ"""	0
"""डाक्टरको अभाव जिल्ला अस्पताल डोटीमा ३ जना डाक्टरको दरबन्दी भएपनि अहिले एक जना मात्रै डाक्टर उपलब्ध छन्"""	-1
"""मेडिकल सुपरीटेन्डेन्ट डा. हरी बहादुर केसी २०६९ साल जेठ १ गते सरुवा भएर गएपछि अहिले सम्म कोही नआएको बताइएको छ"""	-1
"""भूकम्पका कारण भत्किएको ढुङ्गा माटोको घरमा परेको पानीले गाह्रो गलेपछि उक्त घटना भएको बताइएको छ"""	-1
"""यसरी जारी गरिएको मिनि आईपिओमा सहभागिता जनाउनको लागि लगानीकर्ताले कम्तिमा पाँच हजार डलर लगानी गर्नैपर्ने प्रावधान रहेको छ"""	0
"""कम्पनीका अनुसार दैनिक काम मिलाउने, मुड अनुसार कुराकानी गरिने र आफ्नो गोप्य कुराहरु सेयर गर्ने लगायतका फिचर यसमा रहनेछ"""	0
"""सगुनमा प्रयोगकर्ताले आफ्नो इच्छा अनुसार आफ्नो सेक्रेट सबैलाई वा चाहेको व्यक्तिलाई मात्रै सेयर गर्न सक्नेछ"""	0
"""साथै सेयर गरेको सेक्रेट ट्रयाक गरेर कतिवटा देश र सहरका प्रयोगकर्ताले हेरे भनेर जान्न सकिनेछ"""	1
"""फेरि एमालेसँग जेठ अन्तिममा छलफल गर्दा बजेट अनुमोदनलगायत कारणले असार १५ सम्म पर्खन आग्रह गरेको माओवादी नेताहरूको भनाइ छ"""	0
"""दाहाल सकेसम्म आफ्नै नेतृत्वमा सहमतीय सरकारका लागि प्रयास गर्ने, नभए बहुमतीय सरकार भए पनि ओलीको विकल्प खोज्नुपर्ने निचोडमा पुगेको स्रोतको दाबी छ"""	0
"""प्रमुख प्रतिपक्षी कांग्रेस राष्ट्रिय सहमति बन्ने अवस्था नभएको बताउँदै माओवादी केन्द्र र मधेस केन्द्रित दललाई साथमा लिएर सरकार बनाउने पक्षमा छ"""	1
"""सरकार निर्माणको विषयमा कांग्रेससँग छलफल भइरहेका बेला अध्यक्ष दाहालको असार ७ मा हुने भनिएको अस्ट्रेलिया भ्रमण स्थगित भएको दाबी माओवादी केन्द्रको छ"""	0
"""पहिलो चरणमा दाहालले नेतृत्व लिने र निर्वाचन सरकारको नेतृत्व देउवाले गर्ने गरी मस्यौदा तयार गरिएको स्रोतको भनाइ छ"""	0
"""कतै एमालेलाई दबाब दिन मात्र हामीसँग सरकारको कुरा त गरेका होइनन् भन्ने अविश्वास कायमै छ"""	-1
"""नेपाली कामदारलाई गैरकानुनी रूपमा अफगानिस्तान पठाउन पाँच तहसम्मका गिरोह सक्रिय हुने गरेको रहस्य खुलेको छ"""	-1
"""विश्व बैंकले गरिबीको रेखाबाट माथि उठेको ठूलो नेपाली समुदाय पुनः गरिबीको रेखामुनि जान सक्ने खतरा औंल्याएको छ"""	-1
"""उनले कति आम्दानी गर्नेलाई गरिबी मान्ने भन्ने विषयमा विश्व बैंकलाई नै प्रश्न गरे"""	0
"""विश्व बैंकको प्रतिवेदनले गरिबीको संख्या घट्दै गएपछि मध्यम वर्गको संख्या वृद्धि हुँदै गएको देखाएको छ"""	1
"""सन् २०१० मा आइपुग्दा कुल जनसंख्याको २२ प्रतिशत हिस्सा मध्यम वर्गमा पुगेको देखिन्छ, प्रतिवेदनमा छ"""	0
"""बुधबार झरेको पहिरोले केरौँजास्थित नेपाली सेनाले हालै निर्माण गरेको अस्थायी सामूहिक आवासमा पनि क्षति पुगेको छ"""	-1
"""पहिरोले केरौँजा, उहियाका साथै लापु, मान्वु, काशीगाउँलगायत उत्तरी भेगका विभिन्न गाविसमा रहेका भूकम्पपीडितका टहरामा क्षति पुर्याएको छ"""	-1
"""दोस्रो क्वार्टरफाइनलमा शुक्रबार राति वेल्स र बेल्जियम, तेस्रो क्वार्टरफाइनलमा शनिबार जर्मनी र इटाली तथा आइतबार फ्रान्स र आइसल्याण्ड भिड्ने कार्यक्रम छ"""	0
"""नेपाली कांग्रेसका प्रूभावशाली नेता एक व्यक्तिले एसएमएस गरी मार्ने योजना रहेको बताएपछि नेपाल प्रहरी उक्त व्यक्तिको खोजीमा लागिपरेको छ"""	-1
"""उनी फर्किए लगत्तै आइतबार एनसेलको नम्बर प्रयोग गरी खड्काका स्वकीय सचिव रामेश्वर यादवको नम्बरमा कसैले आपत्तिजनक एसएमएस पठाएको थियो"""	-1
"""प्रधानमन्त्री ओलीले गत २८ फागुनमा दुई बर्षभित्र देशलाई खाद्यान्नमा आत्मनिर्भर बनाउने घोषणा गरेका थिए"""	1
"""समयमै रासायनिक मल उपलब्ध नहुँदा धानखेती भएका धेरै स्थानमा पर्याप्त उब्जनी नभएको कृषि मन्त्रालयका सहप्रवक्ता शंकर सापकोटाले बताए"""	0
"""अर्को वर्ष बढ्ने अनुमान यसपटक समयमै मनसुन सुरु भएकाले आगामी वर्ष धान उत्पादनमा सुधार आउने कृषि मन्त्रालयको अनुमान छ"""	0
"""सोसलिस्ट इन्टरनेसनले नेकपा एमालेलाई त्यो संगठनमा सदस्य बन्ने बारे के छ धारणा भन्दै पत्र पठाएको छ"""	0
"""यही नोभेम्बर १३ मा फ्रान्समा भएको आतङ्ककारी हमलाको जिम्मेवारी मुस्लिम अतिवादी समूह, इस्लामिक स्टेटले लिएपछि सो त्रास छाएको बताइएको छ"""	-1
"""उक्त समूहले सो आक्रमणको जिम्मेवारी लिएपछि फ्रान्सको प्रहरीले पनि मुस्लिम नागरिक खोज्ने अभियान नै चलाएको छ"""	-1
"""सो हमलामा परी १२९ जनाको ज्यान गएको थियो"""	-1
"""एक हप्ताअघि भारतीय टिमको मूख्य प्रशिक्षकका लागि भएको छनोटका क्रममा शास्त्रीले स्काइपबाट अन्तर्वार्ता दिएका थिए"""	0
"""त्यसैगरी मास्टर ब्लास्टर सचिन तेन्दुलकरले पनि स्काइपबाट प्रश्न सोधेका थिए"""	0
"""आरोपी महिलालाई कानुनअनुसार कारबाही प्रक्रिया थालिने जिल्ला प्रहरी कार्यालय भोजपुरका प्रहरी निरीक्षक पञ्चलाल गोलेले बताए"""	1
"""महोत्तरीमा सशस्त्र प्रहरीले गएराति ११ लाख ७२ हजार १० भारतीय रुपैयाँसहित एकजनालाई पक्राउ गरेको छ"""	-1
"""देउवाले आफ्नो खेमालाई वास्ता गर्छन् कि अर्को खेमाबाट आएको व्यक्तिलाई भनी निकै गाइँगुइँ पनि भइरहेको छ"""	-1
"""त्यतिमात्र नभई वरिष्ठ नेता रामचन्द्र पौडेल खेमामा रहेका नेताहरु पनि आकांक्षी भइरहँदा सन्तुलनमा ल्याउन देउवालाई सकस भएको छ"""	-1
"""उनले अरू जिल्लामा पनि छिट्टै अधिवेशन गर्न लागिरहेको बताए"""	0
"""विश्वब्यापी रुपमा फैलिएको सामाजिक सञ्जाल सगुनले विश्वभर रहेका लगानीकर्तालाई क्राउडफन्डिङ पहलमा बैंकरोलमार्फत अवसर प्रदान गरिरहेको कम्पनीले जनाएको छ"""	1
"""सेयर खरिदबाट आएको पुँजीबाट सगुनको प्रयोगकर्ता विस्तार गर्ने, थप नयाँ विशेषता बढाउँदै जाने र मोबाइल एपको सुरुवात गरिने छ"""	1
"""प्रहरी र मधेसी मोर्चाका कार्यकर्ताका बीच आज इलाका प्रहरी कार्यालय लहान अगाडि झडप भएको छ"""	-1
"""प्रहरी कार्यालयअगाडि मोर्चाका कार्यकर्ताले बालेको टायरलाई प्रहरीले निभाउन खोज्दा प्रदर्शनकारीले प्रहरीमाथि ढुङ्गामुढा गरेका थिए"""	-1
"""पोर्चुगलका क्रिस्टियानो रोनाल्डो र पोल्याण्डका रोब्रट लेवन्डोस्कीले कस्तो खेलछन् त्यसमा टोलीको नतिजा निर्भर रहने छ"""	0
"""हेंगेरी र पोर्चुगल बिचको खेल ३-३ गोलको बराबरी भएको थियो"""	0
"""ती ११ सहरमा बस्ने दशलाखभन्दा बढी नागरिक वायु प्रदुषणको चपेटामा परिरहेका पनि उनले जानकारी दिएको समाचारमा जनाइएको छ"""	-1
"""त्यस देशमा सञ्चालन हुने गरेका मोटर एवम् यस्तै सवारी साधनको मापदण्ड पनि त्यति स्वस्थ नरहेको बताइन्छ"""	-1
"""हरियो बन कार्यक्रम गाविसमा लागु भएपछि यहाँका किसानहरुले समयमै रोपाई, खानेपानीको व्यवस्था, घरभित्रको धुवामुक्त, बन संरक्षण लगायतमा टेवा पुगेको रानाभाटको भनाई छ"""	1
"""श्रीमान श्रीमति सगै जोडि तालिमबाट यहाका महिलाहरुमा देखिएको परिवर्तनले महिलाहरुकै नेतृत्वमा बन जोगाउने समेत काम भएको छ"""	1
"""चुलो र चौकामामा मात्रै रहने महिलाहरु अहिले खुलेर गाँउको समाजिक विकासमा लागेको रानाभाटको भनाई छ"""	1
"""केयर नेपाल नामक संस्थाले वागेफड्के, वाङ्सिङ, सेतिदोभान, भाटखोला, फेदिखोला, आरुखर्क, कोल्मा, बहाकोट, ठुलाडिहि र पौवेगौडेमा हरियो बन मार्फत काम गर्दै आएको छ"""	1
